{
    "mesh":{"triangles":[7,1,6,6,1,0,9,3,8,8,3,2,9,10,3,3,10,4,10,11,4,4,11,5,6,0,11,11,0,5,18,19,12,12,19,13,20,21,14,14,21,15,20,14,22,22,14,16,22,16,23,23,16,17,19,23,13,13,23,17,33,25,32,32,25,24,34,32,26,26,32,24,35,34,27,27,34,26,36,35,28,28,35,27,37,36,29,29,36,28,38,30,33,33,30,25,39,31,38,38,31,30,48,49,40,40,49,41,50,42,49,49,42,41,51,43,50,50,43,42,52,44,51,51,44,43,53,45,52,52,45,44,54,48,46,46,48,40,55,54,47,47,54,46],"vertPositions":[2.7043912410736086,156.9457550048828,3.511479377746582,2.0531723499298097,157.01219177246095,3.2702419757843019,4.328684329986572,157.03750610351563,2.5903103351593019,4.216070175170898,156.9691619873047,2.825427293777466,3.933555841445923,156.9633331298828,3.3132402896881105,3.3656678199768068,156.88841247558595,3.4850597381591799,2.7187387943267824,157.0513916015625,3.26210355758667,2.1199147701263429,157.1171417236328,3.024643659591675,4.266599178314209,157.1998748779297,2.594226598739624,4.034609794616699,157.1071014404297,2.854201316833496,3.8254692554473879,157.08360290527345,3.079087257385254,3.327725410461426,157.0050811767578,3.221388816833496,-2.0270042419433595,157.01219177246095,3.2706282138824465,-2.678222894668579,156.94577026367188,3.511869192123413,-4.189896106719971,156.9691619873047,2.825814723968506,-4.3025102615356449,157.0375213623047,2.590698719024658,-3.9073808193206789,156.9633331298828,3.313624382019043,-3.33949613571167,156.88841247558595,3.485445737838745,-2.093745231628418,157.1171417236328,3.025033473968506,-2.6925697326660158,157.0513916015625,3.262493848800659,-4.008440017700195,157.1071014404297,2.8545916080474855,-4.240429401397705,157.1998748779297,2.5946168899536135,-3.7992987632751467,157.08360290527345,3.079477548599243,-3.3015553951263429,157.0050811767578,3.2217791080474855,-2.955026626586914,158.03700256347657,3.753077983856201,-2.5440561771392824,158.03797912597657,3.7073230743408205,-3.4166300296783449,157.99325561523438,3.700657844543457,-3.901149034500122,157.77963256835938,3.4445457458496095,-4.159562110900879,157.62379455566407,3.2007455825805666,-4.500199317932129,157.47415161132813,2.96368670463562,-2.1262261867523195,157.74212646484376,3.469264030456543,-1.9488179683685303,157.48275756835938,3.414341926574707,-2.962294101715088,157.89744567871095,3.341059923171997,-2.5354506969451906,157.9170379638672,3.313493490219116,-3.386301279067993,157.854248046875,3.29081392288208,-3.8294918537139894,157.64772033691407,3.0494043827056886,-4.065489292144775,157.5029754638672,2.8217899799346926,-4.285331726074219,157.3564910888672,2.5878608226776125,-2.0229690074920656,157.61355590820313,3.097137451171875,-1.7849853038787842,157.32655334472657,3.04520583152771,2.5702288150787355,158.0379638671875,3.707320213317871,2.9811978340148927,158.03700256347657,3.753077983856201,3.442802906036377,157.99325561523438,3.70065975189209,3.927323818206787,157.77963256835938,3.444547653198242,4.185735702514648,157.62379455566407,3.2007477283477785,4.526376724243164,157.4741668701172,2.963688850402832,2.152400255203247,157.7421112060547,3.469259262084961,1.9749897718429566,157.48275756835938,3.4143381118774416,2.5616207122802736,157.9170379638672,3.313493490219116,2.9884650707244875,157.89744567871095,3.341059923171997,3.4124722480773927,157.854248046875,3.29081392288208,3.8556621074676515,157.64772033691407,3.0494043827056886,4.091658592224121,157.5029754638672,2.8217899799346926,4.311504364013672,157.3564910888672,2.5878612995147707,2.0491392612457277,157.61355590820313,3.097137451171875,1.8111549615859986,157.32655334472657,3.0452044010162355]},
    "influences": [{
            "pivot": [2.8694053136062669, 157.49508134235905, 1.9063990712165942],
            "path": "|Lara|Skeleton|Cog_Jnt|Spine_Base_Jnt|Abdomen|Sternum|Neck_Jnt|Head_Jnt|L_Eyelid_Lower",
            "index": 0,
            "labelText": "",
            "labelSide": 0
        }, {
            "pivot": [2.869405313606269, 157.60216621068558, 1.9063990712165946],
            "path": "|Lara|Skeleton|Cog_Jnt|Spine_Base_Jnt|Abdomen|Sternum|Neck_Jnt|Head_Jnt|L_Eyelid_Upper",
            "index": 1,
            "labelText": "",
            "labelSide": 0
        }, {
            "pivot": [-2.8394113339233448, 157.49508134235925, 1.906399071216597],
            "path": "|Lara|Skeleton|Cog_Jnt|Spine_Base_Jnt|Abdomen|Sternum|Neck_Jnt|Head_Jnt|R_Eyelid_Lower",
            "index": 2,
            "labelText": "",
            "labelSide": 0
        }, {
            "pivot": [-2.8394113339233439, 157.60216621068575, 1.9063990712166006],
            "path": "|Lara|Skeleton|Cog_Jnt|Spine_Base_Jnt|Abdomen|Sternum|Neck_Jnt|Head_Jnt|R_Eyelid_Upper",
            "index": 3,
            "labelText": "",
            "labelSide": 0
        }, {
            "pivot": [1.419990272783904e-15, 153.84470607207047, -6.295199495201224],
            "path": "|Lara|Skeleton|Cog_Jnt|Spine_Base_Jnt|Abdomen|Sternum|Neck_Jnt|Head_Jnt",
            "index": 4,
            "labelText": "",
            "labelSide": 0
        }],
    "layers": [{
            "id": 1,
            "name": "Base weights",
            "enabled": true,
            "opacity": 1.0,
            "index": 0,
            "paintTarget": 2,
            "paintTargets": [2],
            "parentId": null,
            "children": [],
            "effects": {
                "mirrorMask": false,
                "mirrorWeights": false,
                "mirrorDq": false,
                "mirrorDirection": 1
            },
            "influences": {
                "0": [0.8222738967539597, 0.7980142878825053, 1.0, 0.985515139104618, 0.8115976376560988, 0.9128972776410075, 0.7617367559497509, 0.6740061812945445, 0.7308859385713725, 0.8362049441789095, 0.8355464465894013, 0.9137062230661468, 0.0, 0.0, 0.0, 0.0, 0.0, 0.0, 0.0, 0.0, 0.0, 0.0, 0.0, 0.0, 0.0, 0.0, 0.0, 0.0, 0.0, 0.0, 0.0, 0.0, 0.0, 0.0, 0.0, 0.0, 0.0, 0.0, 0.0, 0.0, 0.0, 0.0, 0.0, 0.0, 0.0, 0.0, 0.0, 0.0, 0.0, 0.0, 0.0, 0.0, 0.0, 0.0, 0.0, 0.0],
                "1": [0.0, 0.0, 0.0, 0.0, 0.0, 0.0, 0.0, 0.0, 0.0, 0.0, 0.0, 0.0, 0.0, 0.0, 0.0, 0.0, 0.0, 0.0, 0.0, 0.0, 0.0, 0.0, 0.0, 0.0, 0.0, 0.0, 0.0, 0.0, 0.0, 0.0, 0.0, 0.0, 0.0, 0.0, 0.0, 0.0, 0.0, 0.0, 0.0, 0.0, 0.9405999957211129, 0.9641745937607443, 0.9257320277239172, 0.7436976622726822, 0.6461025915030686, 0.4508145428895951, 0.7941618135065098, 0.4578132648943768, 0.9999994731393852, 0.9967007070311584, 0.9377082932083638, 0.7143773032060821, 0.46608213688446045, 0.2114738612346231, 0.807266056759939, 0.41143457021948207],
                "2": [0.0, 0.0, 0.0, 0.0, 0.0, 0.0, 0.0, 0.0, 0.0, 0.0, 0.0, 0.0, 0.7996549897089486, 0.818378098500149, 0.9848923069238663, 1.0, 0.8073619383347369, 0.9174946381102984, 0.6708939626714654, 0.7546438512523989, 0.828129839232564, 0.7155916060805321, 0.8292627422279295, 0.9184651061738344, 0.0, 0.0, 0.0, 0.0, 0.0, 0.0, 0.0, 0.0, 0.0, 0.0, 0.0, 0.0, 0.0, 0.0, 0.0, 0.0, 0.0, 0.0, 0.0, 0.0, 0.0, 0.0, 0.0, 0.0, 0.0, 0.0, 0.0, 0.0, 0.0, 0.0, 0.0, 0.0],
                "3": [0.0, 0.0, 0.0, 0.0, 0.0, 0.0, 0.0, 0.0, 0.0, 0.0, 0.0, 0.0, 0.0, 0.0, 0.0, 0.0, 0.0, 0.0, 0.0, 0.0, 0.0, 0.0, 0.0, 0.0, 0.9660351494550705, 0.93864727216959, 0.9324994165897369, 0.7478487756252289, 0.6554787404537201, 0.4508145428895951, 0.784074081838131, 0.4408195151686669, 1.0, 1.0, 0.9480317922830581, 0.7252789207696915, 0.47268381711296905, 0.20458838171853159, 0.8006072666049005, 0.393538554787636, 0.0, 0.0, 0.0, 0.0, 0.0, 0.0, 0.0, 0.0, 0.0, 0.0, 0.0, 0.0, 0.0, 0.0, 0.0, 0.0],